case_id,timestamp,disposition,expected_status,observed_status,matched_expectation
amenable_kani::gallery::atomic_ptr_compare_exchange::mismatch_does_not_report_the_real_current_value,1785705376,false_trail,failed,failed,true
amenable_kani::gallery::chrono_day_count_staging::forward_equality_times_out,1791391379,false_trail,timeout,timeout,true
amenable_kani::gallery::chrono_day_count_staging::model_equality_times_out,1791391571,false_trail,timeout,timeout,true
amenable_kani::gallery::chrono_day_count_staging::model_overflows_outside_supported_range,1791391584,hypothesis,failed,failed,true
amenable_kani::gallery::chrono_day_span_growth::day_fixed_1_year_month_free,1791397097,false_trail,timeout,timeout,true
amenable_kani::gallery::chrono_month_span_growth::month_fixed_1_year_day_free,1791396905,false_trail,timeout,timeout,true
amenable_kani::gallery::chrono_naive_week_span::in_range_week_claim_times_out,1791391786,false_trail,timeout,timeout,true
amenable_kani::gallery::chrono_naive_week_stub_composition::span_fails_under_one_sided_stubs,1791391110,false_trail,failed,timeout,false
amenable_kani::gallery::chrono_naive_week_stub_composition::week_first_day_one_sided_contract_passes,1791390752,best_practice,passed,passed,true
amenable_kani::gallery::chrono_naive_week_stub_composition::week_last_day_one_sided_contract_passes,1791390894,best_practice,passed,passed,true
amenable_kani::gallery::chrono_year_span_growth::year_fixed_year_month_day_free,1791396698,best_practice,passed,passed,true
amenable_kani::gallery::jiff_error_drop_cost::any_accessor_on_a_deterministic_forgotten_error_times_out,1790890525,false_trail,timeout,timeout,true
amenable_kani::gallery::jiff_error_drop_cost::civil_date_at_midnight_alone_passes,1790893821,hypothesis,passed,passed,true
amenable_kani::gallery::jiff_error_drop_cost::civil_date_new_alone_passes,1790892990,hypothesis,passed,passed,true
amenable_kani::gallery::jiff_error_drop_cost::civil_time_new_alone_passes,1790894927,hypothesis,passed,passed,true
amenable_kani::gallery::jiff_error_drop_cost::civil_time_series_next_call_times_out,1790894237,false_trail,timeout,timeout,true
amenable_kani::gallery::jiff_error_drop_cost::date_series_next_call_times_out,1790892010,false_trail,timeout,timeout,true
amenable_kani::gallery::jiff_error_drop_cost::date_time_series_next_call_times_out,1790893206,false_trail,timeout,timeout,true
amenable_kani::gallery::jiff_error_drop_cost::mem_forget_of_the_identical_symbolic_result_passes,1790890092,hypothesis,passed,passed,true
amenable_kani::gallery::jiff_error_drop_cost::normal_drop_of_a_symbolic_jiff_result_times_out,1790890324,false_trail,timeout,timeout,true
amenable_kani::gallery::jiff_error_drop_cost::timestamp_from_second_alone_passes,1790890828,hypothesis,passed,passed,true
amenable_kani::gallery::jiff_error_drop_cost::timestamp_series_construction_times_out,1790890742,false_trail,timeout,timeout,true
amenable_kani::gallery::jiff_error_drop_cost::timezone_to_offset_on_concrete_utc_times_out,1790895319,false_trail,timeout,timeout,true
amenable_kani::gallery::jiff_error_drop_cost::timezone_utc_construction_alone_passes,1790890114,hypothesis,passed,passed,true
amenable_kani::gallery::jiff_error_drop_cost::zoned_new_from_utc_alone_passes,1789521460,hypothesis,passed,timeout,false
amenable_kani::gallery::ledger_account_id_comparison::account_id_inequality_over_concrete_strings_passes,1788145780,hypothesis,passed,failed,false
amenable_kani::gallery::ledger_account_id_comparison::ensures_closure_with_enum_account_comparison_passes,1788147557,hypothesis,passed,passed,true
amenable_kani::gallery::ledger_account_id_comparison::ensures_closure_with_id_plus_name_hybrid_passes,1788147579,hypothesis,passed,passed,true
amenable_kani::gallery::ledger_account_id_comparison::ensures_closure_with_numeric_id_comparison_passes,1788147588,hypothesis,passed,passed,true
amenable_kani::gallery::ledger_commit_contract_timeout::commit_contract_bypassing_establish_chain,1787937146,hypothesis,passed,passed,true
amenable_kani::gallery::ledger_commit_contract_timeout::commit_contract_with_amount_assumed_positive,1787937281,hypothesis,passed,passed,true
amenable_kani::gallery::ledger_commit_contract_timeout::commit_contract_with_concrete_amounts,1787937419,hypothesis,passed,passed,true
amenable_kani::gallery::ledger_gaap_free_function_contract::commit_contract_free_function_wrapper,1787945069,false_trail,timeout,timeout,true
amenable_kani::gallery::ledger_gaap_free_function_contract::commit_contract_local_type_wrapper,1787946389,false_trail,timeout,timeout,true
amenable_kani::gallery::ledger_gaap_free_function_contract::commit_contract_no_wrapper,1787929926,best_practice,passed,passed,true
amenable_kani::gallery::ledger_gaap_free_function_contract::commit_contract_trivial_ensures,1787947326,false_trail,timeout,timeout,true
amenable_kani::gallery::replace_recommendations::backtrace_force_capture_reaches_unsupported_foreign_boundary,1788147287,false_trail,failed,failed,true
amenable_kani::gallery::replace_recommendations::buf_reader_read_to_string_times_out_in_the_direct_std_path,1785351840,false_trail,timeout,timeout,true
amenable_kani::gallery::replace_recommendations::buf_writer_panic_recovery_reaches_the_unsupported_catch_unwind_boundary,1788147361,false_trail,failed,failed,true
amenable_kani::gallery::replace_recommendations::command_construction_reaches_an_unsupported_cstring_boundary,1788147342,false_trail,failed,failed,true
amenable_kani::gallery::replace_recommendations::location_caller_reaches_unsupported_track_caller_boundary,1788147305,false_trail,failed,failed,true
amenable_kani::gallery::replace_recommendations::mutex_poisoning_reaches_the_unsupported_catch_unwind_boundary,1785353100,false_trail,failed,failed,true
amenable_kani::gallery::replace_recommendations::random_state_construction_reaches_an_unsupported_entropy_source_boundary,1788147324,false_trail,failed,failed,true
amenable_kani::gallery::udp_inbox_removal_cost::option_take_from_the_identical_socket_addr_tuple_passes,1787766631,best_practice,passed,passed,true
amenable_kani::gallery::udp_inbox_removal_cost::vec_remove_from_single_element_socket_addr_tuple_times_out,1787766679,false_trail,timeout,timeout,true
